{
  "split": "val",
  "counts": {
    "total": 12,
    "reference_source": {
      "self_label_fallback": 12
    },
    "probability_consistency": {
      "mean_abs_error": 0.0,
      "max_abs_error": 0.0,
      "violations": 0,
      "tolerance": 0.05
    }
  },
  "metrics": {
    "precision": 0.3333333333333333,
    "recall": 0.3333333333333333,
    "f1": 0.3333333333333333,
    "accuracy": 1.0,
    "macro_f1": 0.3333333333333333,
    "per_label": {
      "match": {
        "precision": 1.0,
        "recall": 1.0,
        "f1": 1.0,
        "support": 12
      },
      "uncertain": {
        "precision": 0.0,
        "recall": 0.0,
        "f1": 0.0,
        "support": 0
      },
      "mismatch": {
        "precision": 0.0,
        "recall": 0.0,
        "f1": 0.0,
        "support": 0
      }
    }
  },
  "confusion_matrix": {
    "labels": [
      "match",
      "uncertain",
      "mismatch"
    ],
    "matrix": [
      [
        12,
        0,
        0
      ],
      [
        0,
        0,
        0
      ],
      [
        0,
        0,
        0
      ]
    ],
    "as_dict": {
      "match": {
        "match": 12,
        "uncertain": 0,
        "mismatch": 0
      },
      "uncertain": {
        "match": 0,
        "uncertain": 0,
        "mismatch": 0
      },
      "mismatch": {
        "match": 0,
        "uncertain": 0,
        "mismatch": 0
      }
    }
  },
  "threshold_sweep": [
    {
      "match_threshold": 0.3,
      "uncertain_threshold": 0.09999999999999998,
      "precision": 0.3333333333333333,
      "recall": 0.3333333333333333,
      "f1": 0.3333333333333333,
      "accuracy": 1.0,
      "macro_f1": 0.3333333333333333,
      "label_distribution": {
        "match": 12,
        "uncertain": 0,
        "mismatch": 0
      }
    },
    {
      "match_threshold": 0.35,
      "uncertain_threshold": 0.14999999999999997,
      "precision": 0.3333333333333333,
      "recall": 0.3333333333333333,
      "f1": 0.3333333333333333,
      "accuracy": 1.0,
      "macro_f1": 0.3333333333333333,
      "label_distribution": {
        "match": 12,
        "uncertain": 0,
        "mismatch": 0
      }
    },
    {
      "match_threshold": 0.4,
      "uncertain_threshold": 0.2,
      "precision": 0.3333333333333333,
      "recall": 0.3333333333333333,
      "f1": 0.3333333333333333,
      "accuracy": 1.0,
      "macro_f1": 0.3333333333333333,
      "label_distribution": {
        "match": 12,
        "uncertain": 0,
        "mismatch": 0
      }
    },
    {
      "match_threshold": 0.45,
      "uncertain_threshold": 0.25,
      "precision": 0.3333333333333333,
      "recall": 0.3333333333333333,
      "f1": 0.3333333333333333,
      "accuracy": 1.0,
      "macro_f1": 0.3333333333333333,
      "label_distribution": {
        "match": 12,
        "uncertain": 0,
        "mismatch": 0
      }
    },
    {
      "match_threshold": 0.5,
      "uncertain_threshold": 0.3,
      "precision": 0.3333333333333333,
      "recall": 0.3333333333333333,
      "f1": 0.3333333333333333,
      "accuracy": 1.0,
      "macro_f1": 0.3333333333333333,
      "label_distribution": {
        "match": 12,
        "uncertain": 0,
        "mismatch": 0
      }
    },
    {
      "match_threshold": 0.55,
      "uncertain_threshold": 0.35000000000000003,
      "precision": 0.3333333333333333,
      "recall": 0.3333333333333333,
      "f1": 0.3333333333333333,
      "accuracy": 1.0,
      "macro_f1": 0.3333333333333333,
      "label_distribution": {
        "match": 12,
        "uncertain": 0,
        "mismatch": 0
      }
    },
    {
      "match_threshold": 0.6,
      "uncertain_threshold": 0.39999999999999997,
      "precision": 0.3333333333333333,
      "recall": 0.3333333333333333,
      "f1": 0.3333333333333333,
      "accuracy": 1.0,
      "macro_f1": 0.3333333333333333,
      "label_distribution": {
        "match": 12,
        "uncertain": 0,
        "mismatch": 0
      }
    },
    {
      "match_threshold": 0.65,
      "uncertain_threshold": 0.45,
      "precision": 0.3333333333333333,
      "recall": 0.3333333333333333,
      "f1": 0.3333333333333333,
      "accuracy": 1.0,
      "macro_f1": 0.3333333333333333,
      "label_distribution": {
        "match": 12,
        "uncertain": 0,
        "mismatch": 0
      }
    },
    {
      "match_threshold": 0.7,
      "uncertain_threshold": 0.49999999999999994,
      "precision": 0.3333333333333333,
      "recall": 0.3333333333333333,
      "f1": 0.3333333333333333,
      "accuracy": 1.0,
      "macro_f1": 0.3333333333333333,
      "label_distribution": {
        "match": 12,
        "uncertain": 0,
        "mismatch": 0
      }
    },
    {
      "match_threshold": 0.75,
      "uncertain_threshold": 0.55,
      "precision": 0.3333333333333333,
      "recall": 0.3333333333333333,
      "f1": 0.3333333333333333,
      "accuracy": 1.0,
      "macro_f1": 0.3333333333333333,
      "label_distribution": {
        "match": 12,
        "uncertain": 0,
        "mismatch": 0
      }
    },
    {
      "match_threshold": 0.8,
      "uncertain_threshold": 0.6000000000000001,
      "precision": 0.3333333333333333,
      "recall": 0.3333333333333333,
      "f1": 0.3333333333333333,
      "accuracy": 1.0,
      "macro_f1": 0.3333333333333333,
      "label_distribution": {
        "match": 12,
        "uncertain": 0,
        "mismatch": 0
      }
    },
    {
      "match_threshold": 0.85,
      "uncertain_threshold": 0.6499999999999999,
      "precision": 0.3333333333333333,
      "recall": 0.3333333333333333,
      "f1": 0.3333333333333333,
      "accuracy": 1.0,
      "macro_f1": 0.3333333333333333,
      "label_distribution": {
        "match": 12,
        "uncertain": 0,
        "mismatch": 0
      }
    },
    {
      "match_threshold": 0.9,
      "uncertain_threshold": 0.7,
      "precision": 0.3333333333333333,
      "recall": 0.3333333333333333,
      "f1": 0.3333333333333333,
      "accuracy": 1.0,
      "macro_f1": 0.3333333333333333,
      "label_distribution": {
        "match": 12,
        "uncertain": 0,
        "mismatch": 0
      }
    }
  ],
  "label_distribution": {
    "reference": {
      "match": 12,
      "uncertain": 0,
      "mismatch": 0
    },
    "predicted": {
      "match": 12,
      "uncertain": 0,
      "mismatch": 0
    }
  },
  "config": {
    "score_field": "reliability_score",
    "target_field": "auto",
    "uncertain_margin": 0.2,
    "threshold_source": "val_f1_best",
    "best_threshold": {
      "match_threshold": 0.3,
      "uncertain_threshold": 0.09999999999999998,
      "f1": 0.3333333333333333
    },
    "source_file": "F:\\PythonProject\\pythonProject\\YOLOv11\\output\\codex_reports\\run_full_paper_mainline_001\\full_integration_001\\verified_events.jsonl"
  },
  "artifact_version": "formal_verifier_contracts@2026-04-01"
}